timestamp,command,packages

"2026-10-03 02:32:41","pacman -S","hyprland"
"2026-10-03 02:34:42","pacman -S","hyprpaper grim"
"2026-10-03 02:43:09","pacman -S","lftp"
"2026-10-03 02:51:38","pacman","yay"
"2026-10-03 02:52:01","yay","google-chrome"
"2026-10-03 03:05:06","pacman","kitty"
"2026-10-03 03:10:20","pacman","wl-clipboard"
"2026-10-03 03:11:14","pacman","playerctl brightnessctl"
"2026-10-03 03:12:45","pacman","hyprpaper"
"2026-10-03 03:27:35","pacman","hyprpm"
"2026-10-03 03:31:46","pacman","github-cli"
"2026-10-03 04:01:32","pacman","neovim"
